Id,Title,TitleEn
1,ادیداس,Adidas
2,نایک,Nike
3,ریباک,Reebok
4,زارا,Zara
5,گوچی,Gucci
6,پوما,Puma
7,شنل,Chanel
8,پرادا,Prada
9,دولچهگابانا,Dolce & Gabbana
10,ورساچه,Versace
11,هرمس,Hermes
12,بربری,Burberry
13,ژیوانشی,Givenchy
14,لوییویتون,Louis Vuitton
15,رالفرولنپولو,Ralph Lauren Polo
16,وراوانگ,Vera Wang
17,ویکتوریاسکرت,Victoria’s Secret
18,لاکست,Lacoste
19,میومیو,Miu Miu
20,تامی,Tommy
21,فندی,Fendi
22,تامفورد,Tom Ford
23,سوپریم,Supreme
24,ارمانی,Armani
25,اندرارمور,Under Armour
26,کدز,Keds
27,نیوبالانس,New Balance
28,کیسوِییس,K-Swiss
29,کاپا,Kappa
30,فیلا,Fila
31,اسیکس,Asics
32,ونس,Vans
33,اسکچرز,Skechers
34,کانورسالاستار,All Star
35,چرمدرسا,Dorsa Charm
36,چرممشهد,Mashhad Charm
37,پارینهچرم,Parine Charm
38,مارالچرم,Maral Charm
39,چرمپاندورا,Pandora Charm
40,چرمارا,Aara Charm
41,شهرچرم,Shahre Charm
42,چرمنگار,Negar Charm
43,جردن,Jordan
44,سالومون,Salomon
45,کارتیه,Cartier
46,مونیخ,Munich
47,شیماکفش,Shima Kafsh
48,ارتمن,Artman
49,جکاندجونز,Jack and Jones
50,پاما,Pama
51,کفش ملی,Melli Kafsh
52,مانگو,mango
53,لیورجی,Livergy
54,روبرتوکاوالی,Roberto Cavalli
55,کلوئه,Chloe
56,ژِوکس,Geox
57,سلهبن,Celebon
58,اراناس,RNS
59,السیمن,LC Man
60,ایرانبرک,IranBarak
61,ناوالیس,Navalis
62,برتونیکس,Berttonix
63,السیوایکیکی,LC Waikiki
64,پوشاکافتمن,Aftmen Wear
65,جینوست,Jean west
66,پوشاکاگزیت,Exit wear
67,گالریهترا,Hatra Gallery
68,هیتواستایل ,Hito Style
69,پوشاکاومتاستریت,Ometstreetwear
70,دلسی,delsey
71,دفاکتو,defacto
72,پوشاک رییز,Rees
73,یونیتی,Uniti
74,ویکندانداستارز,Weekend Under the Stars
75,ریبن,Ray Ban
76,ایراننخباف,Iran Nakhbaf
77,انارگل,Anar Gol
78,ایرانپاکو,Iran Pako
79,ایکات,Ecut
80,امشاسپند,Amshaspand
81,بادیاسپینر,Body Spiner
82,بانینو,Bani No
83,بانا,Bana
84,برک,Barak
85,بهدخت,Behdokht
86,پاتنجامه,Patan Jame
87,پرسول,persol
88,پوپوگروپ,Poobo Group
89,تولیکا,Tolika
90,تارتان,Tartan
91,تندرست,Tan Dorost
92,تنپوشسنتیپارسی,Tanoosh Sonati Parsi
93,تنپوشخاورمیانه,Tanooshe Midle East
94,تنپوشدارکوب,Tanooshe Darkoob
95,تنپوشطوبیآرتمیس,Tanpooshe Tooba Artmis
96,تنپوشکاردستی,Tanpooshe Kardasti
97,تنپوشماهرو,Tanpooshe Mahroo
98,تنپوشطبیعیجایدن,Tanpooshe Tabiee Jayden
99,تنپوشهـدوچشم,Tanpoosh H Do Chashm
100,جامپوشآرا,Jamepoosh Aara
101,چرمکاکتوس,Charm Kaktoos
102,چرموانیک,Charm Vanik
103,خانهمدراد,Raad Fation house
104,دنیستریکو,Denis teriko
105,دستدوست,Dast Doost
106,ریسانی,Risani
107,ریکالاکو,Rikalakoo
108,زیبو,Zibo
109,سارک,Sark
110,سالیان,Salian
111,سیاوود,Siawood
112,سیمیندخت,Simin Dokht
113,سرژه,Serje
114,فلانی,Folani
115,کادنو,Cadno
116,کانیراش,Cani Rush
117,کانونتولیدایران,Kanoon Tolid Iran
118,گارودی,Garoodi
119,گوهری,Gohari
120,ماتریس,Matris
121,مهرآذین,Mehr Azin
122,مکنو,Makno
123,مادام,Madam
124,مهرباف,Mehr Baaf
125,میساسپورت,Miss Sport
126,نوینچرم,Novin Charm
127,ناربن,Narbon
128,نونور,Noon Var
129,نیونیل,Newnill
130,نوولا,Novella
131,هاکوپیان,Hakoopian
132,هالیدی,Halidi
133,هپیلند,Happy Land
134,ویزلند,Vizland
135,ویمانا,Vimana
136,کوتون,Koton
137,اوکلی,oakley
138,سوفیورتوگتر ,So Fever Together
139,کلیزونه ,Collezione
140,ماوی,Mavi
141,دسا,Desa
142,پنتی,Penti
143,ایپکیول,Ipekyol
144,سرر,Sarar
145,دیور,Dior
146,اچاندام,H&M
147,گپ,Gap
148,سواروسکی,Swarovski
149,فسیل,Fossil
150,رادو ,Rado
151,تیسوت,Tissot
152,رومانسون,Romanson
153,سیتیزن,Citizen
154,کاسیو,Casio
155,امگا,Omega
156,تیفانی,Tiffany & CO
157,بولگاری,Bvlgari
158,کوکوشنل,Coco Chanel
159,اسمارا,esmara
160,آگ,ugg
161,دنیلی,Daniellee
162,بائر,Bauer
163,هاتریک,Hottric
164,تائو,Tao
165,میزانو,Mizuno
166,باجار,Bajar
167,رانگلر,Wrangler
168,پلیس,Police
169,مکمکس,Makmaks
170,تویینلایف,Twinlife
171,پریتیز,Prettyzys
172,کمروج,Camargue
173,میسپل,Misspel
174,اسپرینگفیلد,Spring Field
175,گابول,Gabol
176,برتا,Bereta
177,هیسپانیتاس,Hispanitas
178,ایندیتکس,Inditex
179,روژان,Rozhan
180,پریمارک,Primark
181,چیکوس,Chicos
182,هام,Hum
183,بنچ,Bench
184,فرویتاودلوم,Fruit Of The Loom
185,چتیک,Chetic
186,استرادیواریوس,Stradivarius
187,بهسا,Behsa
188,دالهو,dalehu
189,سانسا ای ا,Sansaea
190,بلکلیبری,Black Liberty
191,سوجیباگی,Sevgi Bagi
192,هوکاوانان,Hoka One One
193,ژست,Jest
194,سکسن,Sexen
195,ژوپینگ,Xuping
196,لوایز,Levis
197,ویرا,Vira
198,جورج,George
199,کریویت,Crivit
200,اکو,ecco